SKC ID,商品识别码,回收标签
5056330967,202408290002,纸 钓伞 回标签
43149795637,202408290011,钓鱼水桶 回收标签
92793612482,202408290008,钓椅 回收标签
6722260063,202408290024,钓鱼配件 回收标签
43520770501,202408290024,钓鱼配件 回收标签
33440660198,202408290002,纸 钓伞 回标签
94912471889,202408290024,钓鱼配件 回收标签
89587938860,202408290002,纸 钓伞 回标签
42902517411,202408290020,鱼线 回收标签
54156664517,202408290024,钓鱼配件 回收标签
24928076306,202408290024,钓鱼配件 回收标签
25116098863,202408290002,纸 钓伞 回标签
9878864499,202408290024,钓鱼配件 回收标签
66073631858,202408290006,渔具包 回收标签
40137589318,202408290006,渔具包 回收标签
2702649619,202408290002,纸 钓伞 回标签
45435389828,202408290002,纸 钓伞 回标签
93389002272,202408290008,钓椅 回收标签
45299790393,202408290024,钓鱼配件 回收标签
1846155157,202408290006,渔具包 回收标签
52391432797,202408290020,鱼线 回收标签
63309551882,202408290002,纸 钓伞 回标签
35403783858,202408290002,纸 钓伞 回标签
84534924454,202408290005,鱼护 回收标签
6181922333,202408290009,钓箱 回收标签
92502731679,202408290008,钓椅 回收标签
2419417483,202408290024,钓鱼配件 回收标签
8226150600,202408290005,鱼护 回收标签
5775945215,202408290011,钓鱼水桶 回收标签
4552527128,202408290017,纸 白色三脚架 回收标签
13764721751,202408290004,塑料 伞帽 回收标签
54252556738,202408290008,钓椅 回收标签
1370331413,202408290011,钓鱼水桶 回收标签
57783085884,202408290009,钓箱 回收标签
2087336891,202408290011,钓鱼水桶 回收标签
7995219261,202408290006,渔具包 回收标签
24763469267,202408290011,钓鱼水桶 回收标签
16889300247,202408290026,打窝勺 回收标签
3063898918,202408290011,钓鱼水桶 回收标签
4649928416,202408290002,纸 钓伞 回标签
75877560687,202408290024,钓鱼配件 回收标签
50448109858,202408290024,钓鱼配件 回收标签
47894843237,202408290006,渔具包 回收标签
8010440532,202408290006,渔具包 回收标签
51892832967,202408290006,渔具包 回收标签
93926664210,202408290024,钓鱼配件 回收标签
31110066380,202408290006,渔具包 回收标签
8594297850,202408290011,钓鱼水桶 回收标签
6930142322,202408290023,漂盒 回收标签
7265058855,202408290011,钓鱼水桶 回收标签
7828261328,202408290011,钓鱼水桶 回收标签
57783881369,202408290020,鱼线 回收标签
40094052654,202408290006,渔具包 回收标签
63237521949,202408290011,钓鱼水桶 回收标签
1473014032,202408290006,渔具包 回收标签
69317920058,202408290023,漂盒 回收标签
46855644758,202408290008,钓椅 回收标签
9624487312,202408290002,纸 钓伞 回标签
1324855587,202408290018,鱼网 回收标签
8789724716,202408290009,钓箱 回收标签
33131831481,202408290008,钓椅 回收标签
7301667862,202408290006,渔具包 回收标签
60831360544,202408290011,钓鱼水桶 回收标签
77977548367,202408290006,渔具包 回收标签
32706633407,202408290020,鱼线 回收标签
98569407036,202408290020,鱼线 回收标签
91034795620,202408290002,纸 钓伞 回标签
77751310683,202408290002,纸 钓伞 回标签
26371159246,202408290024,钓鱼配件 回收标签
70897260474,202408290023,漂盒 回收标签
16512521134,202408290006,渔具包 回收标签
2387498653,202408290011,钓鱼水桶 回收标签
10827812739,202408290024,钓鱼配件 回收标签
61557327367,202408290005,鱼护 回收标签
31156690965,202408290020,鱼线 回收标签
4818618090,202408290018,鱼网 回收标签
8808748081,202408290006,渔具包 回收标签
97758611667,202408290002,纸 钓伞 回标签
83775035258,202408290006,渔具包 回收标签
13377736313,202408290005,鱼护 回收标签
85227368867,202408290004,塑料 伞帽 回收标签
99350691526,202408290009,钓箱 回收标签
84867365787,202408290008,钓椅 回收标签
46659818035,202408290006,渔具包 回收标签
68859986747,202408290008,钓椅 回收标签
96821237812,202408290024,钓鱼配件 回收标签
64687413344,202408290024,钓鱼配件 回收标签
76037824046,202408290024,钓鱼配件 回收标签
9885945733,202408290002,纸 钓伞 回标签
9098318872,202408290008,驰1代或3代 回收标签
3640242478,202408290006,渔具包 回收标签
7594677346,202408290006,渔具包 回收标签
71241242231,202408290002,纸 钓伞 回标签
2597169707,202408290002,纸 钓伞 回标签
6976968678,202408290006,渔具包 回收标签
2672517305,202408290002,纸 钓伞 回标签
98381638287,202408290024,钓鱼配件 回收标签
5772151391,202408290002,纸 钓伞 回标签
1089881136,202408290002,纸 钓伞 回标签
2708863608,202408290002,纸 钓伞 回标签
5579047673,202408290008,钓椅 回收标签
26150466463,202408290003,钓鱼帽 回收标签
84763551286,202408290006,渔具包 回收标签
1136306679,202408290028,纸 支架 回收标签
1405900566,202408290013,鱼竿 回收标签
3036201492,202408290012,渔轮 回收标签
1693925097,202408290011,钓鱼水桶 回收标签
65630444032,202408290024,钓鱼配件 回收标签
7025538217,202408290009,钓箱 回收标签
3384447091,202408290011,钓鱼水桶 回收标签
61714953839,202408290024,钓鱼配件 回收标签
6247113611,202408290005,鱼护 回收标签
9214917739,202408290006,渔具包 回收标签
9864178154,202408290024,钓鱼配件 回收标签
99211507571,202408290006,渔具包 回收标签
6498709405,202408290006,渔具包 回收标签
64817614057,202408290006,渔具包 回收标签
37093671101,202408290024,钓鱼配件 回收标签
66975367234,202408290006,渔具包 回收标签
52056594021,202408290024,钓鱼配件 回收标签
4125555801,202408290011,钓鱼水桶 回收标签
3059025142,202408290002,纸 钓伞 回标签
3080389029,202408290024,钓鱼配件 回收标签
1379792156,202408290011,钓鱼水桶 回收标签
11209123337,202408290004,塑料 伞帽 回收标签
9653632562,202408290011,钓鱼水桶 回收标签
9549668496,202408290011,钓鱼水桶 回收标签
1580705641,202408290006,渔具包 回收标签
47636966260,202408290019,鱼钩 回收标签
8892102625,202408290002,纸 钓伞 回标签
70653659229,202408290024,钓鱼配件 回收标签
9042211349,202408290006,渔具包 回收标签
6599396870,202408290006,渔具包 回收标签
7665380118,202408290011,钓鱼水桶 回收标签
7941012252,202408290024,钓鱼配件 回收标签
7893104560,202408290013,鱼竿 回收标签
1644305921,202408290006,渔具包 回收标签
6722937921,202408290028,纸 支架 回收标签
8198756994,202408290006,渔具包 回收标签
7380880287,202408290012,渔轮 回收标签
89938979317,202408290024,钓鱼配件 回收标签
1049074935,202408290006,渔具包 回收标签
9794849207,202408290023,漂盒 回收标签
32381984440,202408290011,钓鱼水桶 回收标签
8804132102,202408290002,纸 钓伞 回标签
8832934933,202408290009,钓箱 回收标签
9243117231,202408290013,鱼竿 回收标签
2071192451,202408290006,渔具包 回收标签
2018112016,202408290005,鱼护 回收标签
8485837106,202408290024,钓鱼配件 回收标签
3568964866,202408290011,钓鱼水桶 回收标签
9029886094,202408290013,鱼竿 回收标签
1024195921,202408290004,塑料 伞帽 回收标签
8523536467,202408290024,钓鱼配件 回收标签
40801779833,202408290024,钓鱼配件 回收标签
1912549047,202408290012,渔轮 回收标签
7846796757,202408290002,纸 钓伞 回标签
4624033801,202408290012,渔轮 回收标签
2205995460,202408290017,纸 白色三脚架 回收标签
7688356553,202408290002,纸 钓伞 回标签
7688356553,202408290010,庭院伞 回收标签
56882558832,202408290011,钓鱼水桶 回收标签
6353733303,202408290006,渔具包 回收标签
48956336476,202408290006,渔具包 回收标签
36329685007,202408290008,钓椅 回收标签
9474250908,202408290005,鱼护 回收标签
5770206895,202408290002,纸 钓伞 回标签
3679806036,202408290006,渔具包 回收标签
6459195814,202408290011,钓鱼水桶 回收标签
4987297410,202408290015,纸 拉饵盘 回收标签
8545420038,202408290011,钓鱼水桶 回收标签
1040862369,202408290006,渔具包 回收标签
13242965781,202408290002,纸 钓伞 回标签
8596980179,202408290013,鱼竿 回收标签
7066359775,202408290006,渔具包 回收标签
3789077496,202408290006,渔具包 回收标签
6857504097,202408290008,钓椅 回收标签
47499939060,202408290006,渔具包 回收标签
7005101535,202408290006,渔具包 回收标签
47024207768,202408290024,钓鱼配件 回收标签
7305257925,202408290023,漂盒 回收标签
1527629221,202408290015,纸 拉饵盘 回收标签
2270900827,202408290011,钓鱼水桶 回收标签
5141951893,202408290011,钓鱼水桶 回收标签
4812320339,202408290028,纸 支架 回收标签
44444720989,202408290006,渔具包 回收标签
72104411748,202408290006,渔具包 回收标签
5755674012,202408290024,钓鱼配件 回收标签
76335196473,202408290024,钓鱼配件 回收标签
7133775336,202408290018,鱼网 回收标签
8370294404,202408290011,钓鱼水桶 回收标签
5752843428,202408290023,漂盒 回收标签
2203470474,202408290024,钓鱼配件 回收标签
62716785043,202408290006,渔具包 回收标签
3734490293,202408290011,钓鱼水桶 回收标签
8534785972,202408290002,纸 钓伞 回标签
2174495819,202408290002,纸 钓伞 回标签
5269749293,202408290002,纸 钓伞 回标签
79594126266,202408290008,钓椅 回收标签
2436549835,202408290008,钓椅 回收标签
6837875859,202408290002,纸 钓伞 回标签
9514771017,202408290019,鱼钩 回收标签
4552762592,202408290004,塑料 伞帽 回收标签
5820002915,202408290004,塑料 伞帽 回收标签
5559880483,202408290024,钓鱼配件 回收标签
4456707219,202408290002,纸 钓伞 回标签
5056330967,202408290002,纸 钓伞 回标签
16798690008,202408290017,纸 白色三脚架 回收标签
4914426337,202408290006,渔具包 回收标签
5174315488,202408290012,渔轮 回收标签
5500176415,202408290006,渔具包 回收标签
59864363733,202408290008,钓椅 回收标签
7501711765,202408290015,纸 拉饵盘 回收标签
6333902183,202408290006,渔具包 回收标签
6031368426,202408290011,钓鱼水桶 回收标签
6853664058,202408290011,钓鱼水桶 回收标签
9008116231,202408290006,渔具包 回收标签
6065198773,202408290005,鱼护 回收标签
55197378005,202408290019,鱼钩 回收标签
24605641873,202408290024,钓鱼配件 回收标签
4771924787,202408290028,纸 支架 回收标签
2536674760,202408290013,鱼竿 回收标签
2554310950,202408290002,纸 钓伞 回标签
75489222117,202408290024,钓鱼配件 回收标签
84901294682,202408290024,钓鱼配件 回收标签
8156253326,202408290012,渔轮 回收标签
7266625233,202408290006,渔具包 回收标签
9761097964,202408290006,渔具包 回收标签
15903537816,202408290024,钓鱼配件 回收标签
27525110229,202408290002,纸 钓伞 回标签
68809451861,202408290024,钓鱼配件 回收标签
23891081522,202408290005,鱼护 回收标签
13082316257,202408290002,纸 钓伞 回标签
6232804716,202408290002,纸 钓伞 回标签
88661790125,202408290023,漂盒 回收标签
89779689500,202408290019,鱼钩 回收标签
45332218989,202408290012,渔轮 回收标签
89301658946,202408290009,钓箱 回收标签
5303614114,202408290009,钓箱 回收标签
2741368366,202408290013,鱼竿 回收标签
6453335292,202408290006,渔具包 回收标签
66316269240,202408290024,钓鱼配件 回收标签
2257019846,202408290008,钓椅 回收标签
49531109356,202408290020,鱼线 回收标签
6217089838,202408290002,纸 钓伞 回标签
47609140719,202408290008,钓椅 回收标签
93958712832,202408290011,钓鱼水桶 回收标签
55074586551,202408290002,纸 钓伞 回标签
98926966931,202408290008,钓椅 回收标签
2793112526,202408290002,纸 钓伞 回标签
1395184004,202408290006,渔具包 回收标签
9061108273,202408290013,鱼竿 回收标签
19265031012,202408290004,塑料 伞帽 回收标签
74903509361,202408290018,鱼网 回收标签
45379483222,202408290024,钓鱼配件 回收标签
4959276025,202408290005,鱼护 回收标签
57563206533,202408290024,钓鱼配件 回收标签
1865966933,202408290013,鱼竿 回收标签
2182522214,202408290006,渔具包 回收标签
6121584211,202408290011,钓鱼水桶 回收标签
37876521163,202408290008,钓椅 回收标签
4117495407,202408290006,渔具包 回收标签
2185862714,202408290015,纸 拉饵盘 回收标签
54338678710,202408290023,漂盒 回收标签
6026194604,202408290006,渔具包 回收标签
36190648467,202408290006,渔具包 回收标签
3298399949,202408290028,纸 支架 回收标签
2713645598,202408290004,塑料 伞帽 回收标签
74872090508,202408290023,漂盒 回收标签
61268599680,202408290008,钓椅 回收标签
3054982469,202408290002,纸 钓伞 回标签
7563423597,202408290006,渔具包 回收标签
9331390260,202408290009,钓箱 回收标签
2429286854,202408290011,钓鱼水桶 回收标签
7653359223,202408290009,钓箱 回收标签
80246091592,202408290020,鱼线 回收标签
1080480234,202408290006,渔具包 回收标签
52158930988,202408290011,钓鱼水桶 回收标签
65757530224,202408290024,钓鱼配件 回收标签
16768722141,202408290020,鱼线 回收标签
8598456916,202408290011,钓鱼水桶 回收标签
1533352393,202408290006,渔具包 回收标签
5041366042,202408290013,鱼竿 回收标签
34385399752,202408290024,钓鱼配件 回收标签
6189746997,202408290006,渔具包 回收标签
68816338627,202408290006,渔具包 回收标签
93083592118,202408290006,渔具包 回收标签
2420172765,202408290011,钓鱼水桶 回收标签
4660222089,202408290006,渔具包 回收标签
81405957807,202408290020,鱼线 回收标签
7445323253,202408290028,纸 支架 回收标签
53835607504,202408290002,纸 钓伞 回标签
3961419109,202408290028,纸 支架 回收标签
9518325127,202408290005,鱼护 回收标签
64911787606,202408290011,钓鱼水桶 回收标签
8124362379,202408290002,纸 钓伞 回标签
3860834996,202408290011,钓鱼水桶 回收标签
2613585249,202408290002,纸 钓伞 回标签
57008028807,202408290002,纸 钓伞 回标签
8262830233,202408290011,钓鱼水桶 回收标签
4739642147,202408290002,纸 钓伞 回标签
6873571987,202408290024,钓鱼配件 回收标签
5270634309,202408290006,渔具包 回收标签
20312275581,202408290006,渔具包 回收标签
9847652098,202408290013,鱼竿 回收标签
56664007410,202408290002,纸 钓伞 回标签
85392069872,202408290024,钓鱼配件 回收标签
9155756020,202408290012,渔轮 回收标签
74615591745,202408290024,钓鱼配件 回收标签
32556704274,202408290023,漂盒 回收标签
24775526050,202408290018,鱼网 回收标签
40112393923,202408290026,打窝勺 回收标签
7899068716,202408290002,纸 钓伞 回标签
7764943983,202408290004,塑料 伞帽 回收标签
8518254614,202408290012,渔轮 回收标签
66574549481,202408290020,鱼线 回收标签
1259683322,202408290006,渔具包 回收标签
7661508758,202408290011,钓鱼水桶 回收标签
24069979192,202408290024,钓鱼配件 回收标签
4202742603,202408290002,纸 钓伞 回标签
8745981740,202408290012,渔轮 回收标签
49081913266,202408290024,钓鱼配件 回收标签
4641994075,202408290002,纸 钓伞 回标签
5833663460,202408290025,钓鱼防晒套装 回收标签
3873019743,202408290029,伞杆 回收 标签
6004115596,202408290004,塑料 伞帽 回收标签
8339092712,202408290018,鱼网 回收标签
3722957619,202408290005,鱼护 回收标签
8763685353,202408290002,纸 钓伞 回标签
3816104891,202408290002,纸 钓伞 回标签
1111237386,202408290021,鱼饵 回收标签
9533512258,202408290024,钓鱼配件 回收标签
5894643657,202408290026,打窝勺 回收标签
